Query,Intent,Response
"What undergraduate courses are offered at IIT Jodhpur?","Courses Offered","IIT Jodhpur offers undergraduate programs in various disciplines including Engineering, Computer Science, Electrical Engineering, Mechanical Engineering, Chemical Engineering, and Humanities and Social Sciences."
"What postgraduate courses are available at IIT Jodhpur?","Courses Offered","Postgraduate programs at IIT Jodhpur include M.Tech, M.S., and Ph.D. in various fields such as Computer Science, Electrical Engineering, Mechanical Engineering, and more."
"Does IIT Jodhpur offer any doctoral programs?","Courses Offered","Yes, IIT Jodhpur offers doctoral programs (Ph.D.) across various disciplines, including Engineering, Computer Science, and Humanities."
"Are there any interdisciplinary programs at IIT Jodhpur?","Courses Offered","Yes, IIT Jodhpur offers interdisciplinary programs that combine multiple fields of study, such as combined degrees and specialized research areas."
"What specializations are available in the B.Tech programs at IIT Jodhpur?","Courses Offered","Specializations in the B.Tech programs at IIT Jodhpur include Computer Science, Electrical Engineering, Mechanical Engineering, Chemical Engineering, and more."
"What specializations are available in the M.Tech programs at IIT Jodhpur?","Courses Offered","M.Tech programs at IIT Jodhpur offer specializations in areas like VLSI Design, Robotics, Machine Learning, Data Science, and more."
"Are there any online or distance learning courses offered by IIT Jodhpur?","Courses Offered","IIT Jodhpur primarily offers on-campus programs, but there are online courses and certifications available through various platforms."
"What are the elective course options in the Computer Science program at IIT Jodhpur?","Courses Offered","Elective courses in the Computer Science program include topics like Artificial Intelligence, Machine Learning, Cybersecurity, and Data Science."
"Does IIT Jodhpur offer any executive education programs?","Courses Offered","Yes, IIT Jodhpur offers executive education programs tailored for professionals looking to enhance their skills and knowledge."
"What are the research opportunities available for students at IIT Jodhpur?","Courses Offered","Research opportunities include participation in cutting-edge projects, research centers, and collaboration with faculty on various research initiatives."
"What is the total area of the IIT Jodhpur campus?","Campus Size","The IIT Jodhpur campus covers an area of approximately 850 acres, including academic buildings, hostels, and recreational facilities."
"How many academic buildings are there on the IIT Jodhpur campus?","Campus Size","The IIT Jodhpur campus has multiple academic buildings, including lecture halls, laboratories, and research centers, though the exact number may vary."
"What facilities are available on the IIT Jodhpur campus?","Campus Size","Facilities on the IIT Jodhpur campus include classrooms, laboratories, libraries, hostels, sports facilities, and recreational areas."
"How large are the laboratories and research facilities at IIT Jodhpur?","Campus Size","The laboratories and research facilities at IIT Jodhpur are equipped with state-of-the-art technology to support various scientific and engineering research activities."
"Are there any recreational facilities on the IIT Jodhpur campus?","Campus Size","Yes, the campus includes recreational facilities such as sports courts, a gymnasium, and areas for relaxation and social activities."
"How many libraries are there at IIT Jodhpur?","Campus Size","IIT Jodhpur has a central library and additional departmental libraries providing access to extensive academic resources and research materials."
"What is the capacity of the auditorium at IIT Jodhpur?","Campus Size","The main auditorium at IIT Jodhpur has a seating capacity of approximately 500, used for lectures, conferences, and cultural events."
"How many classrooms are available for undergraduate courses at IIT Jodhpur?","Campus Size","The number of classrooms for undergraduate courses varies, with multiple classrooms equipped with modern teaching aids to accommodate large and small classes."
"What are the green spaces like on the IIT Jodhpur campus?","Campus Size","The campus features well-maintained green spaces including gardens, parks, and open areas designed to enhance the campus environment and provide relaxation spots."
"How many hostels are there on the IIT Jodhpur campus?","Campus Size","IIT Jodhpur has several hostels for undergraduate and postgraduate students, providing on-campus accommodation and facilities."
"What is the average batch size for undergraduate courses at IIT Jodhpur?","Batch Size","The average batch size for undergraduate courses is typically around 60-100 students, depending on the program and course."
"What is the average batch size for postgraduate courses at IIT Jodhpur?","Batch Size","The average batch size for postgraduate courses is usually smaller, around 20-30 students, allowing for more personalized attention."
"How does the batch size affect student-faculty interaction at IIT Jodhpur?","Batch Size","Smaller batch sizes facilitate better student-faculty interaction, allowing for more personalized mentorship and support in both academic and research activities."
"Are there any courses with limited batch sizes at IIT Jodhpur?","Batch Size","Yes, some specialized or elective courses may have limited batch sizes to ensure focused learning and effective teaching."
"What is the student-to-faculty ratio at IIT Jodhpur?","Batch Size","The student-to-faculty ratio at IIT Jodhpur is approximately 10:1, promoting a favorable learning environment with accessible faculty members."
"How many students are admitted to each batch of the B.Tech program at IIT Jodhpur?","Batch Size","Each batch of the B.Tech program at IIT Jodhpur admits around 60-100 students, depending on the specific engineering discipline."
"What is the maximum number of students per class at IIT Jodhpur?","Batch Size","The maximum number of students per class varies, but is generally capped at around 60-80 students to ensure effective teaching and learning."
"How does the batch size impact group projects and assignments at IIT Jodhpur?","Batch Size","Smaller batch sizes often lead to more effective group projects and assignments, as students can collaborate more closely and receive targeted feedback."
"Are there any special programs for smaller batch sizes at IIT Jodhpur?","Batch Size","Special programs may include advanced seminars, workshops, and project-based learning opportunities designed for smaller groups to enhance engagement and learning outcomes."
"What is the batch size for specialized courses or electives at IIT Jodhpur?","Batch Size","Batch sizes for specialized courses or electives are typically smaller, ranging from 20 to 30 students, to provide a more focused learning experience."
"What is the tuition fee for undergraduate programs at IIT Jodhpur?","Fee Structure","The annual tuition fee for undergraduate programs at IIT Jodhpur is approximately ₹2,00,000, including tuition, hostel, and other related charges."
"What is the tuition fee for postgraduate programs at IIT Jodhpur?","Fee Structure","The tuition fee for postgraduate programs at IIT Jodhpur varies, typically ranging from ₹60,000 to ₹1,00,000 per year, depending on the program."
"Are there any additional fees for laboratory courses at IIT Jodhpur?","Fee Structure","Yes, additional fees for laboratory courses may apply, covering the cost of materials and equipment used in practical sessions."
"What is the fee structure for doctoral programs at IIT Jodhpur?","Fee Structure","The fee structure for doctoral programs includes a nominal tuition fee and additional charges for research activities and other academic services."
"Are there any fee concessions or discounts available for students at IIT Jodhpur?","Fee Structure","Fee concessions and discounts are available for students based on merit, financial need, or specific schemes such as scholarships and waivers."
"What are the hostel fees at IIT Jodhpur?","Fee Structure","Hostel fees at IIT Jodhpur are approximately ₹30,000 to ₹50,000 per year, depending on the type of accommodation and facilities provided."
"Are there any other mandatory fees at IIT Jodhpur (e.g., library, sports)?","Fee Structure","Other mandatory fees include charges for library services, sports facilities, and student activities, which may vary depending on the program."
"What is the annual fee for international students at IIT Jodhpur?","Fee Structure","The annual fee for international students is higher, typically ranging from ₹5,00,000 to ₹7,00,000, depending on the program and additional services."
"How often are the fees revised at IIT Jodhpur?","Fee Structure","Fees are generally revised annually, and students are notified of any changes before the start of the academic year."
"Are there any payment plans available for fees at IIT Jodhpur?","Fee Structure","Payment plans may be available, allowing students to pay fees in installments. Details are provided by the institute’s finance office."
"What is the curriculum structure for the B.Tech programs at IIT Jodhpur?","Curriculum","The B.Tech curriculum includes core courses, elective courses, laboratory work, project work, and internships, designed to provide a comprehensive education."
"How are the M.Tech courses structured at IIT Jodhpur?","Curriculum","M.Tech courses are structured with core modules, elective courses, project work, and a thesis component, focusing on advanced topics and research."
"What are the core subjects in the B.Tech Computer Science curriculum at IIT Jodhpur?","Curriculum","Core subjects include Data Structures, Algorithms, Computer Networks, Operating Systems, and Database Management Systems."
"How often is the curriculum updated at IIT Jodhpur?","Curriculum","The curriculum is reviewed and updated periodically to incorporate feedback from industry and academic advancements, ensuring it remains relevant."
"Are there any industry internships included in the curriculum at IIT Jodhpur?","Curriculum","Yes, industry internships are included as part of the curriculum to provide practical experience and exposure to real-world applications."
"What elective options are available in the M.Tech programs at IIT Jodhpur?","Curriculum","Elective options include specialized areas such as Artificial Intelligence, Machine Learning, Cybersecurity, and Advanced Networking."
"How is the assessment conducted for undergraduate courses at IIT Jodhpur?","Curriculum","Assessment is conducted through a combination of mid-term exams, end-semester exams, practicals, assignments, and project work."
"Are there any project-based courses in the B.Tech curriculum at IIT Jodhpur?","Curriculum","Yes, the B.Tech curriculum includes project-based courses where students work on practical problems and develop solutions as part of their coursework."
"What are the key features of the doctoral program curriculum at IIT Jodhpur?","Curriculum","The doctoral program includes coursework, comprehensive exams, research work, and the submission of a thesis, focusing on advanced research and innovation."
"How does IIT Jodhpur incorporate practical training into its curriculum?","Curriculum","Practical training is incorporated through laboratory work, industry internships, project-based learning, and hands-on research activities."
"What types of scholarships are available for undergraduate students at IIT Jodhpur?","Scholarships","Scholarships for undergraduate students include merit-based scholarships, need-based scholarships, and awards based on academic performance."
"How can postgraduate students apply for scholarships at IIT Jodhpur?","Scholarships","Postgraduate students can apply for scholarships through the institute’s scholarship portal or by contacting the scholarship office for available opportunities."
"Are there any merit-based scholarships offered at IIT Jodhpur?","Scholarships","Yes, merit-based scholarships are awarded to students based on their academic performance and achievements in their respective programs."
"What are the eligibility criteria for scholarships at IIT Jodhpur?","Scholarships","Eligibility criteria vary by scholarship and may include academic performance, financial need, and specific program requirements. Details are available on the scholarship portal."
"Are there any need-based scholarships available at IIT Jodhpur?","Scholarships","Yes, need-based scholarships are available for students who demonstrate financial need. Applications are reviewed based on financial background and academic performance."
"How do international students apply for scholarships at IIT Jodhpur?","Scholarships","International students can apply for scholarships through the institute’s international office or scholarship portal, and may also be eligible for external funding opportunities."
"What is the application process for scholarships at IIT Jodhpur?","Scholarships","The application process involves submitting an application form, supporting documents, and meeting the eligibility criteria. Specific details are provided on the scholarship portal."
"Are there any scholarships specifically for female students at IIT Jodhpur?","Scholarships","Yes, there are scholarships specifically aimed at supporting female students, encouraging their participation in STEM fields and academic excellence."
"What are the deadlines for scholarship applications at IIT Jodhpur?","Scholarships","Deadlines for scholarship applications vary by scholarship type and academic year. Students should check the scholarship portal for specific deadlines."
"Are there any external scholarships or grants that students at IIT Jodhpur can apply for?","Scholarships","Yes, students can apply for external scholarships and grants provided by government agencies, private organizations, and international foundations."
"What types of hostel accommodations are available at IIT Jodhpur?","Hostel Facilities","Hostel accommodations include single, double, and triple occupancy rooms with basic amenities such as furniture, internet access, and common areas."
"How many hostels are there for undergraduate students at IIT Jodhpur?","Hostel Facilities","There are multiple hostels for undergraduate students at IIT Jodhpur, each providing on-campus housing and facilities."
"What are the facilities provided in the hostels at IIT Jodhpur?","Hostel Facilities","Facilities include furnished rooms, mess facilities, common rooms, study areas, and access to internet and recreational amenities."
"How are the hostels allocated to students at IIT Jodhpur?","Hostel Facilities","Hostels are allocated based on a lottery system or merit-based criteria, with priority given to first-year students and specific needs."
"Are there any single or double occupancy rooms available in the hostels at IIT Jodhpur?","Hostel Facilities","Yes, single and double occupancy rooms are available, though availability may vary based on demand and hostel capacity."
"What is the cost of hostel accommodation at IIT Jodhpur?","Hostel Facilities","The cost of hostel accommodation ranges from ₹30,000 to ₹50,000 per year, depending on the type of room and facilities provided."
"Are there any meal plans available in the hostels at IIT Jodhpur?","Hostel Facilities","Yes, meal plans are available, providing students with breakfast, lunch, dinner, and additional snacks as part of the hostel services."
"How is the hostel maintenance and cleanliness managed at IIT Jodhpur?","Hostel Facilities","Hostel maintenance and cleanliness are managed by dedicated staff, with regular cleaning schedules and periodic inspections to ensure a hygienic living environment."
"Are there any facilities for students with special needs in the hostels at IIT Jodhpur?","Hostel Facilities","Yes, there are facilities and accommodations available for students with special needs, including accessible rooms and support services."
"How does IIT Jodhpur handle hostel applications and allotments?","Hostel Facilities","Hostel applications are handled through an online portal or administrative office, with allotments based on criteria such as program year and special requirements."
"What are the career services provided to students at IIT Jodhpur?","Additional Aspects","Career services include job placement assistance, internship opportunities, career counseling, resume building, and interview preparation."
"How does IIT Jodhpur support student entrepreneurship?","Additional Aspects","Support includes incubators, mentorship programs, funding opportunities, and workshops aimed at nurturing student-led startups and entrepreneurial ventures."
"Are there any student exchange programs available at IIT Jodhpur?","Additional Aspects","Yes, IIT Jodhpur offers student exchange programs with partner institutions globally, providing opportunities for academic and cultural exchange."
"What kind of extracurricular activities are available at IIT Jodhpur?","Additional Aspects","Extracurricular activities include sports, cultural events, clubs and societies, technical fests, and student-run organizations."
"How does IIT Jodhpur support student research initiatives?","Additional Aspects","Support includes research grants, access to advanced facilities, collaboration opportunities with faculty, and participation in national and international conferences."
"What are the opportunities for international collaboration at IIT Jodhpur?","Additional Aspects","Opportunities include joint research projects, academic partnerships, exchange programs, and collaborative initiatives with global institutions."
"How does IIT Jodhpur support student mental health and wellness?","Additional Aspects","Support includes counseling services, wellness programs, mental health workshops, and peer support groups to promote overall student well-being."
"Are there any sports facilities on the IIT Jodhpur campus?","Additional Aspects","Yes, the campus includes sports facilities such as a gymnasium, sports courts, and fields for various indoor and outdoor activities."
"What are the opportunities for student involvement in campus governance at IIT Jodhpur?","Additional Aspects","Opportunities include participation in student council elections, committee memberships, and involvement in various campus decision-making processes."
"How does IIT Jodhpur ensure diversity and inclusion in its student body?","Additional Aspects","Diversity and inclusion are promoted through equal opportunity policies, support for underrepresented groups, and initiatives aimed at fostering an inclusive campus environment."
"What is the admission process for undergraduate programs at IIT Jodhpur?","Admission Process","Admission to undergraduate programs is based on JEE Main and Advanced scores, with additional criteria for academic performance and eligibility requirements."
"How can one apply for postgraduate programs at IIT Jodhpur?","Admission Process","Applications for postgraduate programs are submitted online through the institute’s admission portal, with selection based on GATE/GRE scores and other criteria."
"What are the admission requirements for doctoral programs at IIT Jodhpur?","Admission Process","Requirements include a relevant master’s degree, research proposal, entrance exam/GATE/GRE scores, and an interview or selection process."
"How does IIT Jodhpur handle admission for international students?","Admission Process","International students apply through the international office, with specific requirements including academic records, standardized test scores, and visa documentation."
"What are the important dates and deadlines for admissions at IIT Jodhpur?","Admission Process","Important dates and deadlines for admissions are published on the institute’s website and admission portal, including application deadlines and entrance exam dates."
"Are there any entrance exams required for admission to IIT Jodhpur?","Admission Process","Entrance exams required include JEE Main and Advanced for undergraduate programs, and GATE/GRE for postgraduate and doctoral programs."
"What are the criteria for selection in the B.Tech programs at IIT Jodhpur?","Admission Process","Selection is based on JEE Main and Advanced ranks, academic performance, and other eligibility criteria as specified by the institute."
"How does IIT Jodhpur conduct interviews for postgraduate admissions?","Admission Process","Interviews for postgraduate admissions are conducted as part of the selection process, evaluating candidates based on their research proposal, academic background, and interview performance."
"What is the procedure for document verification during admission at IIT Jodhpur?","Admission Process","Document verification involves submission of academic transcripts, entrance exam scores, and other relevant documents for validation and eligibility confirmation."
"How does IIT Jodhpur handle admissions for transfer students?","Admission Process","Admissions for transfer students are handled based on availability of seats, academic performance, and compliance with the transfer policy of IIT Jodhpur."
"What is the student culture like at IIT Jodhpur?","Student Life","The student culture at IIT Jodhpur is vibrant and diverse, with a focus on academic excellence, research, and a variety of extracurricular activities."
"Are there any student organizations or clubs at IIT Jodhpur?","Student Life","Yes, there are numerous student organizations and clubs covering interests such as technology, entrepreneurship, arts, sports, and social causes."
"How are student grievances addressed at IIT Jodhpur?","Student Life","Student grievances are addressed through formal grievance redress
